0,8582.521400000003,1.7976931348623157e+308,5e-324
1,8603.855175000002,9790.189999999999,10408.56
2,8579.627049999996,9729.34,10330.079999999994
3,8532.484199999999,9765.590000000002,10436.629999999997
4,8477.519300000007,9767.619999999995,10349.27
5,8281.500575,9777.789999999995,10313.500000000005
6,8076.39875,9756.019999999999,10290.240000000002
7,7640.284349999996,9740.309999999998,10320.630000000001
8,8182.903300000009,9739.800000000001,10379.349999999997
9,8025.333425000003,9794.45,10333.93
10,8093.091974999989,9727.6,10370.53
11,8366.910074999994,9683.010000000002,10415.280000000002
12,8823.62195000001,9729.48,10444.28
13,8774.368424999991,9709.679999999997,10487.63
14,8649.678724999994,9685.35,10499.11
15,8551.166250000002,9704.039999999995,10445.849999999999
16,8645.682475000003,9636.450000000003,10361.969999999996
17,8751.262550000003,9702.92,10426.04
18,8878.552774999993,9701.89,10303.169999999998
19,8353.852350000003,9759.630000000005,10458.399999999998
20,8076.570699999999,9750.849999999999,10401.229999999996
21,7722.519800000002,9772.97,10439.2
22,7747.987875000001,9761.659999999998,10396.93
23,8184.69792499999,9737.789999999997,10436.45
24,8056.460925,9765.300000000001,10410.12
25,8185.722999999999,9702.99,10425.709999999997
26,8348.760675000001,9857.609999999993,10408.25
27,7916.577850000001,9781.949999999997,10441.079999999998
28,7777.747575000002,9814.829999999998,10435.359999999995
29,7929.202074999999,9768.92,10389.379999999996
30,8221.278425,9786.680000000002,10363.170000000006
31,7608.390674999998,9798.940000000002,10434.59
32,7551.999350000004,9732.3,10394.060000000001
33,7470.454674999999,9792.640000000003,10509.219999999998
34,7205.202150000003,9813.479999999994,10423.319999999996
35,6675.336200000004,9814.049999999996,10410.69
36,7053.221824999993,9742.21,10577.069999999998
37,7052.796099999999,9803.159999999996,10440.270000000002
38,7328.522699999997,9773.069999999996,10415.150000000001
39,7445.2203999999965,9727.129999999992,10454.189999999997
40,7729.7863499999985,9654.39,10377.929999999998
41,8002.330100000004,9702.960000000001,10367.75
42,8000.430475000001,9758.039999999994,10440.920000000002
43,8371.149975000002,9762.189999999999,10406.76
44,8258.532100000004,9721.660000000002,10349.01
45,7815.068499999999,9743.060000000001,10413.359999999999
46,7813.667299999996,9782.56,10329.74
47,8452.37544999999,9776.150000000001,10314.42
48,8845.892100000001,9729.26,10341.349999999995
49,8961.986674999995,9723.029999999995,10333.62
50,8706.908925000002,9758.329999999998,10415.41
51,8548.348025,9755.750000000002,10437.109999999995
52,8136.405499999996,9796.3,10399.269999999999
53,8025.314874999998,9621.419999999998,10457.839999999998
54,7863.826675000003,9674.25,10406.13
55,7806.758050000003,9656.710000000001,10387.11
56,8063.419349999994,9654.06,10376.509999999998
57,8137.101799999987,9707.349999999991,10367.019999999999
58,8798.656174999996,9694.52,10398.449999999999
59,9036.888050000003,9819.21,10324.119999999997
60,8563.173099999996,9786.149999999998,10345.959999999997
61,8337.558099999997,9750.750000000004,10360.239999999996
62,8266.120450000002,9750.040000000003,10362.06
63,7804.297300000005,9713.100000000002,10434.94
64,7730.106775,9710.59,10358.869999999995
65,7757.151950000002,9720.140000000003,10292.669999999995
66,8173.811000000002,9741.220000000001,10381.250000000002
67,8904.56675,9706.670000000002,10327.82
68,8853.140050000002,9689.770000000006,10348.09
69,8931.297925000003,9776.429999999998,10310.65
70,8852.314474999997,9800.76,10341.55
71,9037.265149999994,9800.210000000003,10281.460000000001
72,8714.945724999998,9710.169999999998,10279.839999999997
73,8589.544124999999,9625.639999999996,10351.699999999997
74,8406.936274999998,9732.870000000003,10342.069999999998
75,8120.133725,9700.83,10396.380000000001
76,8018.003499999994,9677.260000000002,10295.650000000001
77,7868.94,9677.080000000004,10338.519999999995
78,7829.833750000002,9676.43,10356.989999999998
79,7702.870225000001,9695.21,10308.35
80,8189.124475000001,9705.410000000002,10308.790000000006
81,8083.429049999997,9712.069999999996,10369.800000000001
82,8384.305400000008,9698.600000000002,10380.259999999997
83,8599.657324999995,9747.590000000006,10407.669999999998
84,8448.071849999993,9716.779999999999,10324.999999999998
85,8321.27115,9783.17,10367.800000000001
86,7897.867200000003,9837.020000000002,10299.96
87,8295.319400000004,9788.97,10410.15
88,8660.052599999994,9780.84,10380.779999999995
89,8928.599225,9745.6,10363.769999999995
90,8959.8283,9819.159999999994,10445.720000000001
91,8735.166750000006,9814.700000000003,10364.82
92,8368.395049999997,9733.979999999998,10413.84
93,7738.466949999998,9741.819999999998,10401.55
94,7630.156625000006,9797.07,10331.380000000003
95,7939.888349999995,9760.550000000005,10420.319999999996
96,8487.722075,9729,10387.589999999997
97,8047.396025000004,9813.74,10461
98,8181.011275,9842.019999999995,10465.219999999996
99,8104.109825000003,9835.369999999995,10402.5
100,8471.917774999998,9811.129999999997,10432.830000000002
101,8623.22255,9832.910000000002,10459.86
102,8781.451274999994,9822.139999999998,10500.329999999998
103,8634.45865,9816.249999999998,10439.230000000001
104,8816.910924999991,9846.120000000003,10416.100000000002
105,8744.908175000008,9845.179999999998,10404.740000000002
106,8638.152649999998,9731.289999999999,10435.600000000002
107,8489.261024999996,9826.449999999999,10387.250000000002
108,8253.633949999996,9775.82,10340.99
109,8697.880074999997,9732.12,10414.810000000001
110,8703.760175000003,9717.450000000003,10370.380000000001
111,8297.583550000003,9721.189999999999,10415.54
112,8124.194649999999,9758.939999999999,10439.230000000003
113,8385.551175000002,9663.050000000001,10378.48
114,8421.036225000009,9655.430000000002,10453.91
115,8397.512474999998,9711.91,10377.959999999997
116,7804.167274999997,9691.799999999997,10326.399999999998
117,8228.553150000005,9686.320000000002,10328.420000000002
118,7469.9384999999975,9637.08,10321.069999999994
119,7566.735525000001,9658.71,10246.62
120,7056.382199999997,9674.470000000003,10312.139999999996
121,8001.476825000004,9739.49,10287.329999999996
122,7725.62655,9756.149999999996,10285.83
123,8268.49767499999,9690.439999999997,10319.029999999999
124,7458.308000000003,9662.879999999997,10332.909999999996
125,8193.875449999998,9720.86,10309.529999999993
126,8344.919225000001,9712.16,10252.149999999998
127,8581.47204999999,9702.340000000002,10401.269999999997
128,8252.705700000002,9709.42,10362.549999999997
129,7795.561249999999,9679.210000000001,10322.48
130,7896.660950000006,9728.100000000002,10345.41
131,7226.889125,9788.5,10338.18
132,7994.408625,9738.590000000002,10337.86
133,7565.9935000000005,9744.589999999995,10316.619999999995
134,7091.348524999999,9798.880000000001,10365.29
135,6508.820625,9806.18,10287.910000000002
136,6280.05365,9783.639999999996,10344.579999999996
137,6253.715399999997,9756.089999999997,10339.780000000004
138,6786.135449999997,9773.5,10345.380000000001
139,6880.302999999997,9763.489999999998,10367.680000000002
140,7019.664525000007,9762.440000000002,10338.06
141,7231.687975000005,9760.789999999997,10358.329999999998
142,7882.891649999998,9776.410000000002,10342.539999999999
143,8684.752624999994,9730.769999999999,10358.669999999993
144,7887.144725000004,9684.86,10317.43
145,7612.366375000008,9744.689999999997,10384.320000000005
146,7663.465075000002,9799.199999999992,10433.519999999997
147,8324.419074999998,9798.910000000002,10339.509999999998
148,8118.6967749999985,9742.499999999996,10339.29
149,8355.020749999992,9754.529999999999,10321.689999999999
150,8105.409399999999,9634.209999999994,10322.98
151,8160.859875000002,9679.949999999993,10343.089999999998
152,8105.424474999998,9697.849999999999,10309.819999999996
153,8310.781249999998,9648.629999999997,10377.409999999996
154,8407.680725000004,9690.589999999998,10345.979999999998
155,8653.543599999997,9785.350000000006,10300.76
156,8345.486774999998,9755.939999999999,10344.969999999998
157,8318.836474999996,9747.76,10413.289999999997
158,8007.83295,9715.24,10337.749999999996
159,8329.024624999996,9681.749999999995,10397.160000000002
160,8082.057949999997,9677.129999999997,10318.299999999997
161,7613.847749999999,9679.739999999998,10419.859999999997
162,7914.731675,9726.61,10429.169999999995
163,8028.032099999999,9699.260000000004,10379.039999999997
164,8204.735050000003,9636.399999999998,10362.010000000002
165,8193.67305,9709.04,10381.16
166,7609.369900000003,9736.68,10403.49
167,7532.538474999999,9736.68,10351.85
168,8069.503750000001,9725.160000000003,10312.429999999995
169,8518.745349999994,9694.749999999996,10386.7
170,8613.465325,9680.640000000001,10293.309999999998
171,7990.425249999995,9613.670000000002,10256.620000000004
172,7939.124999999997,9748.949999999999,10362.72
173,7921.135599999991,9698.67,10281.519999999999
174,7555.642349999998,9765.230000000007,10336.870000000003
175,7168.971999999998,9761.060000000001,10314.690000000002
176,7244.470149999999,9704.780000000008,10304.01
177,8320.290250000004,9681.750000000007,10308.469999999998
178,8266.7396,9710.410000000007,10341.249999999996
179,7928.460124999995,9748.180000000006,10407.359999999997
180,8430.061174999999,9743.410000000005,10380.139999999996
181,8334.771300000004,9702.079999999998,10331.74999999999
182,7815.90235,9680.43,10371.749999999998
183,7882.148999999996,9702.300000000001,10433.170000000004
184,8153.738800000004,9743.880000000005,10341.49
185,8060.382325000004,9691.310000000003,10291.82
186,8465.27645,9677.57,10328.119999999997
187,8531.426799999997,9716.43,10338.369999999997
188,8205.003224999999,9719.05,10290.339999999997
189,8336.213725000001,9704.769999999997,10310.970000000001
190,8670.647075,9725.38,10385.539999999995
191,8582.104874999994,9755.259999999998,10327.579999999998
192,8336.102525,9760.759999999998,10312.279999999997
193,8632.888124999996,9767.059999999996,10351.759999999998
194,8757.0789,9731.05,10395.619999999997
195,8804.388574999999,9722.080000000004,10402.009999999997
196,8681.248199999993,9721.2,10390.75
197,8580.890374999992,9741.439999999999,10412.37
198,8356.07975,9780.989999999998,10427.35
199,8317.036900000006,9732.869999999995,10428.009999999993
200,8461.103275000003,9766.869999999999,10408.940000000002
201,8303.746324999996,9723.8,10376.81
202,8234.570799999998,9765.830000000002,10407.869999999999
203,8086.772225000005,9753.019999999997,10346.879999999997
204,8199.171724999991,9790.23,10321.61
205,7807.583150000003,9777.779999999999,10343.339999999998
206,8002.1383250000035,9753.340000000004,10376.169999999996
207,8143.2192250000035,9747.689999999999,10390.07
208,7506.504750000002,9774.68,10422.07
209,7205.127350000006,9736.829999999998,10406.83
210,7851.114699999997,9743.75,10474.580000000002
211,7991.113199999998,9766.099999999999,10455.990000000002
212,8451.633099999992,9747.509999999997,10345.53
213,8455.646900000003,9709.730000000005,10335.8
214,8607.10242499999,9753.15,10336.709999999997
215,8748.628374999998,9705.659999999996,10390.2
216,8050.821675000001,9681.380000000001,10387.359999999997
217,7375.0866999999935,9711.529999999999,10437.03
218,7498.729874999998,9756.88,10424.709999999997
219,8021.8748250000035,9744.989999999998,10339.010000000002
220,7866.445299999996,9712.159999999998,10414.570000000003
221,7812.181400000001,9705.41,10387.820000000003
222,7420.665624999995,9710.94,10383.819999999996
223,7201.250175000005,9717.789999999999,10389.940000000002
224,6894.940199999999,9666.480000000001,10360.199999999999
225,6691.524549999998,9604.949999999997,10305.579999999998
226,6544.816775,9709.14,10387.590000000004
227,7010.732675000007,9748.119999999995,10350.750000000004
228,7004.686024999999,9750.720000000005,10325.649999999994
229,7368.788600000001,9727.010000000002,10370.539999999997
230,7495.6359749999965,9746.880000000001,10372.320000000003
231,7774.777674999998,9716.040000000003,10381.400000000001
232,8247.5368,9705.370000000003,10384.319999999998
233,8472.933174999991,9672.609999999997,10396.300000000001
234,7726.279325000001,9708.519999999997,10366.149999999998
235,8042.421625,9677.890000000001,10373.64
236,7852.628799999997,9724.28,10430.380000000001
237,7801.231224999999,9723.45,10374.539999999999
238,7802.861375,9729.150000000001,10342.329999999996
239,7958.347125000003,9761.04,10318.869999999999
240,7502.1873,9788.800000000003,10318.189999999999
241,7266.076900000002,9746.09,10369.680000000004
242,7298.934450000002,9681.439999999999,10310.78
243,6841.1758,9691.88,10224.439999999995
244,7135.398325000004,9726.279999999999,10296.49
245,7126.588075000002,9702.810000000001,10357.949999999997
246,7381.015199999998,9734.869999999997,10365.349999999997
247,6938.479149999995,9795.010000000002,10343.68
248,7281.788324999999,9799.35,10265.23
249,7050.713100000002,9868.049999999997,10311.089999999998
250,6888.117249999994,9852.469999999994,10355.239999999996
251,7013.900475000003,9699.260000000007,10353.31
252,7013.460650000007,9669.430000000002,10269.409999999996
253,6920.649850000003,9796.199999999999,10237.239999999996
254,7784.252750000001,9717.69,10328.669999999995
255,8441.670675000003,9725.62,10329.309999999994
256,8742.334275,9729.59,10352.6
257,8614.68447499999,9729.599999999997,10317.709999999997
258,8760.046874999998,9774.949999999999,10346.049999999994
259,8382.594824999998,9753.249999999998,10329.899999999992
260,8417.177849999998,9764.020000000002,10340.129999999997
261,7862.667924999996,9645.359999999999,10388.279999999997
262,8257.474399999994,9662.790000000005,10359.840000000002
263,8152.325550000001,9672.520000000002,10278.620000000004
264,7787.5581249999905,9666.559999999998,10347.600000000002
265,7893.064825000011,9759.199999999999,10300.289999999997
266,7437.687150000002,9767.909999999998,10351.050000000001
267,7249.771150000004,9787.04,10290.55
268,7216.300500000005,9778.73,10303.350000000004
269,7407.554349999999,9813.44,10312.15
270,7285.618899999998,9810.020000000002,10377.359999999997
271,7967.000799999998,9679.289999999999,10421.039999999997
272,7366.729649999997,9679.69,10440.389999999996
273,7247.003325000003,9755.13,10403.249999999998
274,6769.648499999998,9766.58,10325.249999999996
275,6893.520050000001,9774.189999999999,10356.27
276,7363.109299999997,9734.44,10365.090000000002
277,8523.579249999995,9734.44,10381.520000000002
278,8252.162074999998,9763.880000000001,10408.62
279,7551.772400000001,9724.54,10431.08
280,8306.894274999997,9698.109999999999,10448.739999999998
281,8545.307449999997,9733.640000000003,10325.32
282,8616.807975000003,9737.810000000003,10321.279999999999
283,8640.939775,9735.329999999994,10364.810000000001
284,8647.697875000002,9735.82,10371.16
285,8563.7516,9663.67,10297.029999999997
286,8604.2924,9767.259999999995,10340.579999999996
287,8280.080199999991,9673.109999999999,10320.269999999997
288,8450.925874999995,9695.829999999996,10297.299999999997
289,8576.932775000001,9749.680000000002,10307.480000000003
290,8170.1088500000005,9753.530000000002,10354.940000000004
291,7862.193750000003,9747.93,10372.22
292,8081.591024999998,9721.940000000002,10361.050000000001
293,8118.818,9759.610000000006,10331.309999999996
294,8520.485049999996,9718.989999999996,10357.959999999997
295,8550.770449999998,9707.999999999998,10327.169999999996
296,8028.5458,9739.79,10359.19
297,8038.25365,9728.729999999994,10365.469999999998
298,8053.690899999999,9629.35,10406.14
299,8201.163025000002,9604.879999999997,10365.850000000004
300,8296.710175000002,9637.67,10362.79
301,8322.9194,9707.349999999997,10311.610000000006
302,8548.777299999992,9692.710000000003,10391.589999999997
303,8461.086275000003,9677.46,10347.56
304,8772.829550000008,9677.46,10382.99
305,8486.441500000008,9753.430000000002,10417.529999999999
306,8540.011524999996,9707.660000000002,10398.430000000002
307,8506.399575000007,9668.169999999996,10402.02
308,8535.5807,9743.109999999999,10357.740000000002
309,8301.187324999997,9642.399999999996,10462.4
310,8480.961775000002,9706.72,10509.89
311,8973.382299999997,9656.330000000002,10400.180000000004
312,9081.831700000002,9754.150000000003,10347.540000000003
313,9043.2676,9737.259999999998,10382.59
314,8631.076950000004,9752.270000000002,10399.5
315,9046.4349,9781.479999999998,10375.450000000004
316,8581.405925000001,9681.140000000003,10442.149999999998
317,8252.845900000002,9650.91,10293.639999999996
318,7826.025999999994,9729.619999999999,10374.280000000002
319,8250.422700000001,9771.619999999997,10362.880000000003
320,7670.591100000004,9761.169999999998,10357.060000000003
321,7705.455199999998,9765.599999999997,10406.249999999993
322,7749.669675000001,9719.17,10389.289999999997
323,8013.255075000003,9748.989999999998,10455.909999999996
324,7859.980525000003,9714.720000000001,10344.93
325,7710.640825000002,9714.83,10314.739999999998
326,7722.894699999995,9720.720000000003,10252.630000000005
327,7628.457224999999,9753.59,10257.739999999998
328,8075.989999999999,9715.419999999998,10254.009999999997
329,7982.656474999995,9747.68,10265.569999999998
330,8179.705275000003,9708.900000000001,10285.849999999997
331,8142.361125,9735.829999999996,10377.8
332,8139.698699999997,9721.359999999997,10312.939999999999
333,8300.762825000007,9747.699999999995,10293.899999999996
334,8237.656925000001,9713.910000000002,10320.59
335,7907.004874999995,9677.04,10349.149999999998
336,8405.645249999996,9673.189999999999,10347.800000000001
337,8726.940075,9712.699999999997,10366.52
338,9335.548199999996,9696.539999999999,10433.209999999997
339,9275.432925000003,9700.929999999998,10339.409999999993
340,9452.761075000008,9688.939999999997,10291.359999999999
341,9434.6737,9720.439999999997,10352.83
342,9346.074550000005,9749.119999999994,10315.210000000001
343,9249.898225000003,9716.749999999998,10324.170000000002
344,8870.57615,9706.94,10402.719999999998
345,8644.121699999996,9696.279999999999,10341.999999999996
346,8220.457524999998,9734.369999999999,10338.449999999995
347,8304.019500000002,9732.920000000004,10342.82
348,8335.124500000004,9805.669999999995,10333.8
349,8653.154325000003,9763.26,10367.969999999998
350,8256.772074999995,9728.769999999997,10354.369999999997
351,7922.948800000001,9702.439999999995,10319.1
352,8096.3922749999965,9765.279999999997,10400.780000000006
353,7997.948575000005,9628.539999999995,10387.970000000005
354,7691.254975000005,9618.169999999995,10349.66
355,8590.257249999997,9700.89,10375.880000000003
356,8532.04015,9700.89,10278.079999999998
357,8474.235975000003,9714.02,10284.889999999996
358,8553.038199999992,9648.810000000005,10338.169999999998
359,8647.669999999996,9701.49,10358.58
360,8539.946075000003,9752.099999999995,10292.959999999995
361,8141.282149999995,9768.51,10307.019999999993
362,8400.612374999999,9656.799999999996,10361.529999999997
363,8675.958900000003,9708.400000000003,10380.51
364,8737.442675000004,9677.779999999999,10345.919999999998
365,8296.054625,9678.329999999998,10336.720000000001
366,8281.912000000004,9786.380000000001,10349.499999999995
367,8799.408124999994,9754.839999999998,10313.689999999999
368,8198.930625,9634.119999999999,10360.17
369,8625.265250000002,9631.309999999998,10386.339999999997
370,9134.306425000002,9668.220000000001,10292.769999999999
371,9059.9025,9759.32,10321.389999999998
372,9073.043899999997,9793.379999999997,10317.579999999998
373,8952.579150000003,9742.409999999996,10265.950000000003
374,8780.160099999997,9719.229999999998,10339.41
375,9260.942175000002,9735.359999999999,10333.709999999995
376,9328.631025,9707.010000000002,10317.309999999996
377,9553.37879999999,9734.319999999992,10320.199999999995
378,9166.147924999994,9726.129999999994,10348.23
379,9056.049949999999,9703.789999999994,10402.829999999998
380,9155.39185,9641.069999999996,10426.859999999999
381,8768.664674999998,9802.679999999995,10413.49
382,8740.557775000005,9755.25,10392.059999999998
383,8650.524275000002,9778.510000000002,10398.46
384,8074.029899999998,9750.09,10376.900000000001
385,8169.472124999993,9769.819999999998,10434.7
386,7647.6366499999995,9725.459999999997,10340.629999999997
387,8134.7291000000005,9817.099999999999,10358.349999999999
388,7806.056075,9771.079999999998,10366.560000000001
389,8474.333224999998,9753.829999999994,10386.829999999998
390,7896.986949999999,9719.329999999996,10490.409999999996
391,7907.809800000008,9763.469999999994,10565.129999999997
392,7334.806625000002,9745.729999999996,10536.23
393,8037.4529749999965,9772.35,10417.289999999995
394,7989.121725,9736.310000000001,10340.409999999998
395,7764.269199999999,9797.35,10376.749999999995
396,7653.050274999998,9746.72,10355.759999999998
397,7730.641625000009,9741.21,10363.519999999997
398,8545.833300000006,9744.970000000001,10463.909999999998
399,8271.31755,9720.189999999999,10453.550000000003
400,7839.772200000001,9730.939999999999,10430.099999999997
401,7261.833249999996,9701.569999999998,10411.559999999998
402,6624.761600000002,9702.76,10381.829999999998
403,6495.8637000000035,9593.109999999999,10378.939999999999
404,6450.162,9563.849999999995,10359.020000000004
405,7183.940675,9559.359999999995,10405.439999999999
406,7294.273999999997,9828.15,10421.890000000003
407,6882.694924999998,9719.11,10429.300000000003
408,6872.880374999997,9763.54,10450.030000000002
409,6666.265200000002,9702.699999999997,10438.21
410,6760.2506,9794.249999999998,10421.550000000003
411,8037.011075,9726.190000000002,10377.699999999993
412,8505.351099999994,9738.46,10404.279999999995
413,8425.399875000005,9753.110000000002,10477.760000000004
414,7898.620700000002,9762.69,10385.989999999996
415,7488.873624999994,9759.12,10336.369999999997
416,8001.982375000003,9680.720000000001,10375.550000000001
417,7292.299900000009,9722.310000000005,10394.15999999999
418,7327.822050000004,9782.650000000001,10417.61
419,7133.265400000005,9759.64,10346.39999999999
420,7019.807000000003,9750.39,10317.42
421,6854.437649999996,9714.259999999997,10321.59
422,6485.378974999996,9729.449999999995,10272.93
423,6757.048950000004,9739.719999999998,10308.170000000002
424,6507.526149999999,9759.469999999998,10253.850000000006
425,6784.658249999999,9753.700000000003,10288.400000000003
426,6984.908325000005,9765.809999999996,10290.269999999995
427,6878.914724999999,9797.930000000004,10341.019999999999
428,6917.935924999995,9804.55,10395.910000000002
429,7219.6812500000015,9778.579999999998,10435.509999999997
430,6581.786474999997,9733.81,10395.199999999999
431,6571.580350000001,9662.650000000001,10349.579999999994
432,6661.694449999994,9692.68,10468.18
433,7317.520374999997,9717.449999999999,10336.720000000001
434,7660.54974999999,9735.52,10427.920000000002
435,7521.9285500000005,9732.609999999997,10466.38
436,7204.961574999997,9695.330000000002,10444.529999999997
437,6897.0923749999965,9642.410000000005,10373.57
438,6452.911124999995,9719.689999999999,10324.379999999997
439,6674.026175000003,9730.219999999998,10383.04
440,6814.979350000001,9746.039999999995,10280.509999999998
441,6931.442374999997,9754.139999999996,10417.16
442,7737.875475,9784.830000000002,10360.309999999998
443,7558.341575000003,9777.300000000003,10316.65
444,7755.404699999998,9757.129999999994,10319.37
445,8213.058424999997,9782.79,10340.949999999997
446,8810.23197500001,9778.329999999996,10318.979999999996
447,8333.310900000004,9711.220000000001,10314.54
448,8158.328524999993,9727.33,10334.61
449,8308.244949999998,9739.449999999997,10384.49
450,8225.767349999998,9804.300000000001,10444.179999999997
451,8140.129899999996,9798.839999999997,10392.480000000003
452,8264.885849999997,9824.429999999997,10299.709999999995
453,8245.662525000005,9814.25,10295.68
454,7794.632524999994,9824.920000000004,10351.419999999995
455,7821.573174999994,9848.490000000002,10355.509999999995
456,7814.3225,9763.940000000002,10358.199999999999
457,7523.4479749999955,9772.569999999998,10377.449999999999
458,7122.9960249999995,9758.52,10400.360000000002
459,7454.159774999994,9800.490000000005,10391.939999999997
460,7171.014824999996,9717.519999999995,10349.7
461,7341.823999999996,9781.869999999995,10383.39
462,7769.8399,9803.060000000005,10332.539999999997
463,7570.963825000004,9776.330000000004,10299.07
464,7693.640474999992,9745.96,10321.229999999998
465,7405.585774999999,9793.739999999996,10354.470000000001
466,7979.589475,9786.310000000003,10380.639999999994
467,8112.223800000003,9805.24,10333.469999999996
468,7993.265249999997,9808.73,10426.259999999995
469,7524.895025000004,9804.339999999998,10442.259999999995
470,7765.924699999995,9780.899999999996,10327.570000000002
471,8236.031800000002,9786.589999999997,10376.489999999998
472,7965.194175000002,9740.359999999999,10421.689999999999
473,7811.203599999997,9779.889999999996,10385.62
474,7607.607799999997,9779.629999999997,10298.069999999998
475,7985.274325000003,9759.129999999996,10326.140000000001
476,8086.760475000002,9768.909999999996,10379.549999999996
477,8067.396074999997,9752.749999999998,10433.619999999997
478,8134.029750000002,9791.829999999998,10414.669999999996
479,8269.715624999997,9761.500000000002,10415.639999999994
480,8479.807824999998,9686.7,10297.46
481,8210.228599999995,9741.830000000002,10351.809999999994
482,7722.9523000000045,9672.17,10351.809999999994
483,7624.770675000003,9718.68,10365.61
484,6749.983225,9685.49,10375.04
485,7333.985175000005,9701.990000000002,10316.459999999995
486,7814.435899999996,9787.280000000002,10334.28
487,7564.219675000001,9803.78,10298.68
488,7854.348525,9779.930000000002,10322.66
489,8108.506599999997,9743.100000000002,10442.96
490,8154.370349999995,9744.97,10508.69
491,8595.646875,9732.08,10375.370000000003
492,8699.91395,9745.19,10368.009999999997
493,8855.929675000001,9693.109999999997,10412.179999999995
494,8219.334824999996,9759.439999999999,10454.849999999999
495,8265.606149999998,9745.64,10394.649999999998
496,7998.784075000004,9734.6,10371.809999999996
497,7720.708600000005,9735.869999999997,10424.1
498,7974.09915,9786.750000000002,10479.669999999998
499,7476.571499999998,9739.679999999998,10459.329999999998
500,7572.5035,9757.339999999997,10467.46
501,7626.1947999999975,9757.759999999998,10385.330000000002
502,7782.5095999999985,9708.91,10390.45
503,7876.989625000003,9722.11,10395.229999999996
504,7996.743450000009,9755.22,10386.319999999996
505,7950.432249999999,9780.029999999999,10402.06
506,7802.074050000004,9777.390000000001,10400.509999999998
507,8291.625675,9721.160000000002,10331.760000000002
508,8790.462925,9722.33,10411.2
509,9046.811424999996,9693.51,10379.810000000001
510,9094.399350000003,9727.340000000006,10372.5
511,9102.722474999995,9740.200000000003,10350.209999999997
512,8987.157875,9753.400000000003,10384.799999999996
513,8539.765875000001,9718.210000000003,10397.429999999997
514,8837.541775,9719.879999999996,10319.099999999999
515,8590.218925000001,9772.53,10334.009999999998
516,8840.278100000007,9770.45,10386.649999999994
517,9292.453399999991,9786.500000000002,10334.069999999996
518,9435.082875,9747.280000000002,10258.33
519,9567.605275000004,9749.090000000002,10285.500000000004
520,9579.970925000003,9723.619999999999,10279.210000000003
521,9375.591825000003,9752.590000000002,10341.179999999998
522,9051.739924999996,9760.279999999995,10361.439999999995
523,8903.474649999991,9718.509999999998,10355.81
524,8796.292274999994,9681.640000000001,10327.119999999997
525,8850.449499999993,9749.8,10363.779999999997
526,8895.271700000001,9785.160000000003,10395.6
527,8950.18857499999,9739.030000000004,10480.970000000003
528,8521.5803,9724.299999999997,10303.57
529,8429.614400000004,9793.890000000003,10304.83
530,8350.488425,9776.230000000003,10251.169999999996
531,8227.5409,9839.9,10273.990000000003
532,8336.182274999994,9727.33,10269.360000000004
533,7884.368025000006,9809.529999999999,10292.7
534,7403.495324999996,9809.06,10351.130000000001
535,7657.2208500000015,9786.22,10284.379999999996
536,8242.613174999999,9759.660000000005,10300.060000000005
537,8343.646625000001,9809.980000000003,10330.810000000005
538,8431.440125000008,9778.450000000003,10288.46
539,8288.203300000001,9791.529999999999,10379.080000000005
540,7812.4227,9765.249999999996,10542.480000000001
541,7010.446450000001,9751.78,10394.849999999997
542,7509.768150000005,9727.34,10333.36
543,7697.923925000001,9748.41,10346.229999999996
544,8163.714025000012,9737.199999999999,10407.460000000001
545,8270.040799999999,9763.060000000003,10334.939999999997
546,7871.695875000002,9694.110000000004,10356.159999999998
547,7874.9309750000075,9767.329999999998,10349.249999999998
548,7894.602000000006,9760.369999999997,10395.229999999998
549,7699.941100000004,9733.980000000003,10268.289999999999
550,8003.674574999999,9717.720000000003,10259.479999999998
551,7902.912074999997,9732.630000000001,10346.620000000006
552,7742.826349999998,9688.849999999997,10343.820000000003
553,8019.173499999999,9760.669999999998,10240.230000000003
554,8072.533300000009,9708.500000000004,10242.259999999995
555,8170.47965000001,9688.160000000003,10293.990000000007
556,8102.103075000007,9739.199999999999,10278.429999999998
557,8171.242750000008,9745.999999999995,10270.53
558,7992.7597250000035,9724.83,10312.919999999996
559,8438.637650000004,9775.2,10380.739999999998
560,8442.081925,9791.759999999998,10278.319999999998
561,8625.52075,9705.31,10311.47
562,8548.977699999998,9701.320000000003,10352.319999999998
563,8355.917424999998,9766.21,10361.029999999997
564,8100.618625000003,9772.619999999997,10349.330000000004
565,7721.634200000003,9763.649999999994,10442.980000000001
566,7966.496224999997,9751.469999999998,10432.630000000001
567,7767.839975000001,9721.559999999996,10476.670000000006
568,7792.416424999996,9770.569999999998,10350.7
569,8095.314199999998,9680.099999999999,10342.960000000005
570,8394.3881,9630.789999999999,10326.609999999999
571,8309.997674999995,9702.539999999995,10346.120000000006
572,8358.434350000001,9747.029999999997,10275.17
573,8265.927074999996,9697.7,10303.460000000003
574,8337.269699999992,9671.490000000002,10350.8
575,8484.025574999996,9668.420000000006,10350.8
576,8439.775875,9723.649999999996,10329.810000000001
577,8327.161924999993,9746.419999999998,10298.500000000004
578,8986.848125000004,9705.949999999999,10241.899999999998
579,8963.064200000004,9686.269999999997,10273.45
580,8504.264549999998,9760.16,10286.699999999999
581,8249.932274999997,9693.400000000001,10296.979999999998
582,8310.233724999996,9750.750000000004,10287.45
583,8193.482500000006,9745.43,10333.159999999998
584,8066.176300000003,9765.579999999998,10287.119999999995
585,8456.429225000002,9757.909999999996,10287.229999999998
586,7706.4037250000065,9767.470000000001,10303.869999999999
587,7340.065249999997,9794.28,10296.609999999997
588,7627.781500000005,9833.469999999994,10264.499999999996
589,8095.956074999999,9785.300000000001,10373.970000000001
590,8184.161475000004,9729.38,10307.029999999997
591,8266.267175000003,9697.029999999999,10280.36
592,8034.346900000007,9732.250000000002,10401.360000000004
593,8311.187524999998,9696.710000000001,10317.110000000002
594,8207.736925000007,9680.02,10282.429999999998
595,8450.3873,9767.749999999998,10267.35
596,8571.868125,9741.439999999999,10302.500000000002
597,8663.089374999998,9712.390000000001,10381.180000000004
598,8159.958974999998,9728.589999999998,10407.640000000009
599,7956.425600000001,9648.909999999998,10327.619999999999
600,8419.976925000003,9681.29,10331.220000000001
601,8331.981225000005,9674.189999999997,10339.740000000002
602,8261.678974999999,9792.579999999998,10321.289999999997
603,8114.616599999991,9825.369999999999,10350.780000000002
604,8411.97455,9797.26,10368.079999999993
605,8345.571124999999,9798.699999999997,10361.29
606,8279.372774999994,9764.859999999997,10354.259999999998
607,8591.672774999995,9743.409999999993,10412.15
608,8929.072275000002,9803.089999999995,10384.530000000004
609,8580.828400000004,9742.75,10367.680000000004
610,9272.112399999998,9784.589999999995,10516.550000000001
611,8794.213249999995,9841.150000000003,10415.739999999998
612,8720.203024999993,9751.239999999994,10401.32
613,9224.495699999998,9734.199999999999,10373.099999999999
614,9138.901074999998,9773.279999999995,10431.809999999998
615,8988.826900000004,9794.519999999995,10385.669999999996
616,9044.486124999992,9787.32,10483.519999999999
617,8824.565675000009,9827.98,10409.369999999995
618,8847.148925000005,9805.720000000001,10471.2
619,8616.607749999997,9790.920000000004,10459.960000000003
620,8995.47765,9775.270000000002,10442.349999999995
621,8736.613325,9763.679999999997,10308.080000000005
622,8914.3819,9833.67,10333.490000000002
623,8859.077425000003,9781.119999999997,10417.06
624,8972.603074999999,9760.26,10365.619999999997
625,9552.431299999997,9779.869999999997,10359.249999999998
626,9387.220549999993,9699.81,10287.970000000003
627,9065.63645,9680.870000000003,10426.539999999997
628,8433.052824999999,9727.249999999996,10274.249999999995
629,8785.058749999991,9738.660000000002,10317.77
630,8767.606825,9675.629999999996,10436.89
631,8920.355674999993,9748.22,10440.65
632,8924.330899999995,9776.59,10437.850000000002
633,8788.951100000004,9783.740000000002,10368.979999999998
634,9248.889125000003,9773.570000000002,10319.689999999995
635,9175.364499999987,9762.369999999999,10296.000000000002
636,8940.077999999996,9763.19,10271.020000000002
637,8659.404699999996,9802.830000000002,10356.67
638,8882.33352499999,9814.16,10356.169999999996
639,8757.637725,9821.380000000001,10425.999999999998
640,8714.784075,9790.369999999995,10350.99
641,8660.902000000002,9772.14,10480.189999999999
642,7812.114549999999,9773.329999999998,10419.879999999996
643,7439.732750000001,9776.579999999998,10409.859999999995
644,7896.929249999998,9753.729999999996,10329.909999999996
645,7122.818424999998,9715.679999999995,10398.95
646,7370.1623999999965,9801.980000000001,10310.479999999994
647,6966.550325000001,9775.829999999998,10372.529999999999
648,6638.620699999997,9763.24,10371.269999999999
649,6831.0089,9789.27,10364.42
650,7050.069275000004,9755.019999999999,10365.039999999999
651,7446.23275,9780.220000000007,10318.009999999997
652,6963.748800000001,9781.070000000002,10333.389999999998
653,7308.900074999994,9741.989999999998,10326.540000000008
654,7309.019899999998,9788.679999999997,10412.219999999994
655,7500.06235,9740.669999999998,10413.549999999994
656,7667.523325000004,9731.389999999996,10383.180000000002
657,7225.258724999997,9735.319999999994,10365.769999999993
658,7777.728925000002,9726.489999999996,10422.209999999995
659,8234.647325,9709.779999999997,10359.970000000001
660,8378.72675,9719.650000000001,10462.130000000001
661,8122.690324999994,9727.799999999997,10357.369999999994
662,8446.763074999997,9672.330000000002,10274.169999999995
663,8001.806749999998,9702.779999999999,10253.59
664,7761.907875000004,9711.330000000004,10259.710000000003
665,7471.662549999999,9704.730000000003,10415.25
666,7472.492099999994,9710.949999999997,10402.710000000001
667,7534.7800000000025,9724.299999999997,10455.29
668,7658.524599999997,9792.059999999996,10438.42
669,8137.605999999999,9770.409999999998,10404.26
670,8025.690900000004,9772.949999999999,10485.81
671,8423.646225,9675.120000000004,10399.71
672,7593.067499999996,9676.120000000004,10320.6
673,7798.053675,9680.940000000004,10394.049999999996
674,7950.605000000002,9827.17,10303.44
675,8177.070100000003,9805.75,10345.880000000001
676,8147.5153500000015,9760.02,10355.639999999998
677,8081.769025000002,9807.649999999998,10315.319999999998
678,8091.501549999998,9770.849999999995,10374.710000000001
679,7760.060499999998,9809.640000000005,10372.240000000002
680,7699.497150000002,9739.219999999998,10332.409999999998
681,8019.094124999994,9708.920000000004,10424.980000000001
682,8363.422874999998,9732.269999999997,10424.850000000002
683,8219.955374999998,9764.290000000005,10424.529999999995
684,8347.776624999995,9790.770000000002,10380.650000000001
685,8032.163100000001,9729.859999999999,10349.110000000004
686,8143.906299999998,9728.040000000005,10367.999999999996
687,7814.588900000007,9731.339999999998,10422.810000000003
688,7352.524900000001,9747.63,10426.370000000003
689,7782.871900000006,9719.3,10375.699999999997
690,7757.891924999988,9694.81,10461.91
691,7522.009549999991,9721.35,10365.549999999997
692,7571.686425000001,9697.369999999997,10320.57
693,7877.5317,9782.169999999998,10312.929999999995
694,8196.831824999997,9662.029999999997,10307.339999999997
695,8387.56775,9730.019999999997,10371.7
696,8437.21555,9761.08,10356.099999999993
697,8147.012375,9768.729999999996,10401.599999999999
698,8590.587224999996,9768.82,10420.759999999998
699,8081.942425000002,9690.160000000002,10415.149999999992
700,7653.192400000001,9770.020000000004,10397.739999999994
701,7953.761875000001,9732.309999999998,10369.48
702,8502.197899999997,9764.259999999998,10390.749999999998
703,8554.629074999995,9789.029999999997,10386.849999999999
704,8660.701074999997,9777.740000000003,10343.859999999993
705,8272.366175000001,9806.3,10356.299999999994
706,7772.415899999998,9815.37,10341.220000000001
707,8075.935275000001,9767.24,10416.959999999997
708,8019.993100000001,9819.97,10356.919999999995
709,8561.392449999994,9825.809999999996,10365.599999999995
710,8757.504549999998,9775.289999999999,10377.199999999993
711,8930.361249999993,9758.819999999994,10361.209999999995
712,8801.482074999989,9786.759999999998,10388.02
713,8412.247124999996,9778.539999999997,10346.68
714,8509.165625000007,9764.589999999998,10298.819999999992
715,7912.672125000007,9771.400000000001,10357.989999999998
716,7323.757774999998,9752.920000000004,10261.470000000001
717,7302.030125000002,9769.710000000001,10357.659999999996
718,6893.574800000001,9811.380000000001,10223.449999999993
719,7017.122525000004,9725.93,10264.569999999998
720,7694.2697750000025,9746.359999999995,10282.03
721,8175.557074999998,9743.69,10307.54
722,8095.0681250000025,9721.23,10309.379999999996
723,8609.387649999995,9748.540000000003,10352.03
724,8787.94485000001,9738.880000000003,10412.929999999997
725,8416.926325000002,9753.75,10395.77
726,8116.591900000005,9742.620000000003,10398.880000000001
727,7808.511649999997,9740.18,10333.459999999995
728,8208.23,9715.180000000004,10332.819999999996
729,8901.145599999998,9712.059999999998,10390.910000000002
730,8867.351725,9733.969999999998,10344.150000000001
731,8983.869624999994,9734.149999999996,10300.679999999997
732,9216.487925,9755.83,10323.289999999997
733,9197.225150000002,9742.509999999998,10376.98
734,8855.030624999996,9795.59,10396.669999999998
735,8968.237400000002,9742.150000000001,10386.25
736,8806.114299999988,9734.07,10440.530000000002
737,8383.233974999997,9697.659999999996,10445.869999999997
738,8430.410574999993,9713.820000000005,10452.769999999999
739,8286.279725000002,9760.390000000001,10274.8
740,8623.9184,9682.200000000004,10333.050000000001
741,8274.076099999993,9747.030000000004,10291.2
742,8295.811699999993,9720.810000000003,10342.81
743,8308.082524999998,9682.229999999994,10354.580000000002
744,8056.454925000007,9763.619999999995,10398.169999999998
745,8157.012349999999,9706.210000000001,10320.049999999996
746,8386.285425000004,9711.01,10296.169999999998
747,8147.734474999993,9739.260000000002,10312.149999999994
748,7932.546874999997,9756.48,10310.799999999996
749,7930.373725,9750.110000000004,10293.800000000003
750,7379.728049999993,9750.110000000004,10314.149999999996
751,7936.272349999997,9748.310000000001,10313.679999999997
752,7999.698075000004,9686.69,10311.800000000001
753,7973.477224999991,9681.150000000001,10319.369999999999
754,7671.345574999996,9678.840000000004,10335.229999999996
755,7680.487499999997,9744.130000000001,10305.16
756,8000.837275000006,9758.390000000003,10302.48
757,8077.725175000002,9731.68,10278.959999999995
758,8237.858599999994,9705.449999999997,10361.240000000003
759,8108.905525000001,9751.869999999999,10397.200000000003
760,8530.696575000002,9737.7,10338.950000000003
761,8197.863724999997,9725.830000000005,10354.490000000002
762,8117.369124999997,9672.720000000003,10260.599999999999
763,8352.002250000007,9727.71,10296.709999999995
764,8482.137525000002,9725.28,10245.860000000004
765,8954.980125000002,9749.560000000001,10218.310000000001
766,8972.017599999997,9766.089999999997,10284.649999999994
767,9230.777275000006,9759.859999999999,10355.680000000002
768,8758.966474999997,9773.089999999998,10260.67
769,8435.410675,9775.219999999998,10259.330000000004
770,8235.572324999992,9770.970000000003,10363.180000000002
771,7904.151649999997,9712.34,10372.73
772,7787.965175000002,9768.500000000004,10299.95
773,7711.391475000004,9783.019999999995,10389.71
774,8024.976700000002,9707.269999999999,10404.049999999996
775,7744.941400000003,9739.8,10427.019999999999
776,7563.0041750000055,9686.849999999999,10344.330000000004
777,7414.79624999999,9734.470000000001,10320.590000000002
778,7896.730849999992,9692.52,10337.459999999997
779,7708.041774999999,9762.759999999995,10326.710000000001
780,7942.848300000007,9729.49,10485.679999999998
781,7852.6084,9701.279999999999,10366.879999999997
782,7933.558575000002,9712.669999999996,10388.539999999995
783,8611.528875000004,9711.670000000006,10431.899999999998
784,8676.020074999993,9765.089999999997,10403.070000000002
785,8350.762600000005,9746.040000000005,10410.68
786,8297.67405,9837.200000000003,10341.08
787,8177.183800000006,9803.87,10352.349999999999
788,8455.671274999997,9773.620000000003,10390.809999999998
789,8654.116974999999,9790.399999999998,10394.140000000003
790,8623.92275,9764.07,10349.939999999997
791,8444.094975000002,9725,10358.189999999993
792,8876.673900000009,9693.699999999997,10327.740000000003
793,8580.982174999997,9770.35,10360.750000000002
794,8341.922374999995,9814.649999999994,10296.279999999997
795,8210.719275000005,9764.079999999998,10345.939999999999
796,8127.328024999994,9764.079999999998,10264.11
797,7778.706649999998,9783.860000000004,10257.5
798,7863.1961500000025,9799.99,10332.149999999998
799,7683.571450000005,9783.230000000001,10336.759999999995
800,7447.250600000007,9797.010000000002,10257.060000000001
801,7479.420250000011,9759.159999999998,10335.73
802,7015.492850000004,9735.199999999997,10349.079999999998
803,7307.020400000001,9717.179999999998,10311.749999999998
804,7608.985224999996,9669.590000000004,10352.059999999994
805,7110.534375000002,9662.870000000003,10369.799999999996
806,6950.955425000008,9652.050000000001,10479.829999999994
807,6347.389725000003,9747.460000000005,10372.060000000003
808,6182.334450000004,9763.630000000003,10385.040000000003
809,6675.259649999996,9815.270000000002,10407.729999999998
810,6832.962450000007,9808.859999999999,10474.069999999998
811,7031.319600000001,9773.689999999999,10426.779999999999
812,7952.7541749999955,9835.250000000004,10471.769999999999
813,7690.724224999995,9778.669999999998,10421.599999999999
814,7517.694050000005,9782.869999999999,10321.849999999999
815,7786.098350000007,9730.429999999998,10338.1
816,7742.925924999996,9734.299999999997,10318.659999999996
817,7894.433750000001,9763.489999999996,10310.130000000001
818,8168.239050000001,9732.629999999996,10301.41
819,7970.809825000001,9732.109999999997,10287.719999999998
820,8367.836399999998,9717.489999999998,10306.169999999998
821,8297.99855,9680.07,10304.560000000001
822,7654.7548249999945,9686.329999999996,10382.220000000001
823,7994.369574999997,9636.289999999997,10445.889999999996
824,8310.289225000008,9623.149999999996,10321.669999999998
825,7843.651650000002,9613.279999999997,10393.929999999998
826,8156.476200000001,9743.250000000002,10363.47
827,8106.448649999997,9670.69,10416.630000000001
828,8370.632299999996,9809.109999999997,10407.93
829,8816.575649999999,9823.159999999996,10307.97
830,8353.639450000002,9758.979999999998,10319.379999999997
831,7459.377250000002,9808.720000000001,10310.790000000003
832,7324.769200000002,9802.070000000003,10337.030000000006
833,7374.578299999999,9741.470000000005,10344.650000000001
834,7080.682324999993,9794.670000000002,10372.029999999999
835,7632.812249999997,9785.719999999996,10409.770000000004
836,7645.848675000007,9807.859999999995,10472.939999999995
837,6944.5761500000035,9777.419999999998,10441.509999999995
838,6532.553149999997,9743.939999999999,10492.189999999995
839,7396.738099999997,9791.669999999998,10533.439999999995
840,7495.171699999995,9745.119999999995,10454.63
841,6559.996450000003,9733.72,10336.95
842,6218.202425,9624.619999999997,10449.929999999998
843,6088.864150000003,9699.339999999995,10446.81
844,6405.531699999996,9725.509999999997,10298.259999999997
845,7544.885525000008,9678.929999999995,10356.060000000003
846,7453.390874999995,9723.85,10390.970000000001
847,7252.152475000002,9776.569999999996,10369.580000000002
848,7300.286800000001,9800.979999999998,10375.95
849,7017.626600000005,9824.58,10352.710000000003
850,6988.955450000001,9823.56,10321.129999999996
851,7165.567400000003,9710.91,10404.83
852,7316.409750000001,9804.819999999998,10328.830000000002
853,7015.674225000006,9736.89,10351.26
854,7125.851224999999,9860.970000000005,10328.81
855,7693.559499999996,9835.240000000002,10393.02
856,8026.9448,9782.3,10336.68
857,8187.061825000003,9811.68,10341.55
858,8112.669700000003,9817.65,10378.6
859,7804.869450000004,9811.919999999995,10321.069999999996
860,7451.8230749999975,9874.880000000001,10311.680000000004
861,7675.455949999999,9812.890000000003,10344.95
862,8154.444575,9766.389999999998,10345.309999999998
863,8203.959999999995,9713,10348.380000000003
864,8371.991550000002,9726.45,10370.749999999998
865,8364.696800000003,9771.060000000001,10325.419999999996
866,7792.077274999997,9724.96,10371.879999999997
867,8305.9645,9695.109999999993,10322.3
868,8255.496700000007,9748.859999999999,10338.109999999997
869,8475.702300000004,9725.589999999998,10335.860000000004
870,8491.76492500001,9805.349999999995,10387.540000000003
871,8500.528350000002,9762.179999999997,10263.429999999991
872,8226.3204,9690.529999999997,10308.579999999994
873,8124.87745,9759.009999999995,10276.780000000002
874,8052.191024999998,9755.359999999999,10271.159999999996
875,8255.206475000005,9778.299999999997,10286.939999999999
876,8283.872125000002,9758.170000000002,10279.119999999995
877,8358.145125000005,9668.629999999992,10284.800000000001
878,8462.6366,9704.919999999996,10338.180000000002
879,8608.501899999996,9790.859999999999,10315.239999999998
880,8179.659525000003,9830.570000000002,10342.229999999998
881,8227.746374999999,9803.46,10283.29
882,8274.622549999993,9766.909999999996,10284.2
883,7906.237999999999,9689.309999999996,10338.3
884,7881.325674999996,9746.640000000001,10336.93
885,7918.911400000003,9683.659999999998,10319.14
886,7953.755049999999,9689.920000000002,10350.310000000001
887,7724.888874999991,9783.200000000004,10320.890000000001
888,7549.355325000006,9779.72,10352.079999999998
889,7473.295224999996,9771.99,10364.650000000001
890,7119.151225000009,9783.150000000001,10290.399999999998
891,7604.299375000002,9767.230000000001,10307.600000000002
892,8042.951399999996,9797.299999999996,10297.300000000001
893,8161.511225,9759.420000000002,10289.750000000004
894,8435.401700000002,9761.92,10385.77
895,8417.216074999995,9776.439999999995,10385.77
896,8521.99575,9756.55,10343.88
897,8610.682750000002,9740.669999999998,10278.74
898,8476.532899999998,9697.900000000001,10291.159999999998
899,7977.785175000006,9797.759999999993,10324.549999999994
900,7397.1905000000015,9768.899999999996,10278.949999999997
901,7724.7161750000005,9740.739999999998,10326.460000000003
902,8346.854324999995,9740.739999999998,10353.710000000001
903,8267.210874999997,9714.380000000001,10328.070000000002
904,8191.1134750000065,9657.960000000003,10358.51
905,8079.850924999994,9650.569999999996,10368.300000000001
906,8557.88085,9661.879999999997,10323.179999999997
907,8549.756025000002,9786.970000000003,10364.04
908,8697.886450000005,9761.9,10310.02
909,8323.66222500001,9797.569999999998,10392.899999999994
910,8183.159574999997,9763.539999999999,10353.02
911,8231.533174999999,9786.009999999997,10331.600000000002
912,8069.681200000004,9761.000000000004,10347.409999999996
913,7902.999300000003,9765.66,10340.509999999998
914,8528.599324999994,9695.230000000003,10375.419999999996
915,8498.344025000004,9727.240000000002,10319.210000000001
916,8555.541000000003,9797.870000000003,10400.890000000001
917,8145.728799999998,9806.129999999997,10302.3
918,8301.582875,9764.019999999997,10441.390000000005
919,8286.68970000001,9759.109999999997,10457.149999999998
920,8738.070949999994,9803.59,10455.260000000002
921,8623.030749999996,9778.149999999998,10455.260000000002
922,8376.472174999995,9795.220000000001,10359.52
923,8071.7390500000065,9729.69,10370.989999999993
924,7877.367950000001,9729.560000000003,10361.289999999997
925,7997.728674999999,9750.549999999996,10332.869999999997
926,8114.128975000009,9713.429999999998,10364.16
927,8417.524924999994,9687.760000000002,10395.1
928,8463.715175,9775.829999999998,10384.379999999992
929,8088.063200000005,9670.109999999995,10457.65
930,8490.104300000005,9733.53,10395.759999999997
931,8654.122600000004,9691.719999999996,10366.019999999997
932,8105.5324,9659.829999999998,10439.409999999996
933,8355.471574999998,9696.72,10336.059999999998
934,8145.764599999995,9728.410000000003,10352.3
935,8723.406699999994,9726.249999999998,10399.419999999995
936,8806.053849999997,9738.94,10419.120000000004
937,8447.821125000002,9726.920000000006,10346.05
938,8198.355349999998,9713.390000000003,10358.46
939,8574.205799999998,9761.729999999996,10315.38
940,8666.771300000004,9769.870000000004,10263.469999999998
941,8523.001574999998,9765.350000000002,10254.849999999999
942,8488.058124999994,9764.159999999998,10314.040000000003
943,8360.496300000004,9735.23,10305.849999999999
944,8235.721424999994,9738.449999999999,10291.029999999997
945,8058.287799999998,9701.039999999997,10373.029999999997
946,7925.287025000005,9676.399999999998,10395.410000000003
947,8014.672800000004,9797.620000000004,10355.79
948,8242.648175000004,9776.86,10320.42
949,8712.77625,9823.010000000002,10317.570000000003
950,8961.100199999997,9790.950000000003,10274.419999999998
951,8088.501874999998,9782.329999999998,10249.560000000001
952,8285.793549999997,9796.83,10235.059999999994
953,8188.0192750000015,9748.949999999999,10303.780000000002
954,8264.945500000003,9731.76,10359.069999999998
955,8700.780925000005,9794.940000000002,10297.499999999995
956,8496.920749999996,9791.430000000002,10370.699999999993
957,9019.527200000006,9717.66,10388.929999999997
958,8569.630199999998,9681.960000000001,10344.93
959,8372.693975,9692.3,10269.289999999997
960,8336.434875000003,9714.06,10316.910000000003
961,8582.455875,9677.849999999999,10371.68
962,8283.563999999998,9699.900000000003,10383.289999999997
963,7818.090325000003,9697.269999999995,10334.889999999994
964,7566.090174999999,9762.009999999998,10435.220000000001
965,7526.880174999999,9719.189999999993,10279.46
966,7829.045674999998,9708.66,10391.09
967,8174.2355499999985,9720.970000000003,10363.570000000002
968,8250.549200000003,9645.82999999999,10376.080000000004
969,8279.791174999998,9753.919999999995,10380.35
970,8358.513149999999,9698.009999999998,10322.019999999997
971,8277.559525000002,9768.039999999999,10277.110000000002
972,7828.808125000003,9754.36,10290.189999999995
973,7797.510799999996,9761.68,10320.440000000002
974,8096.241024999999,9727.65,10279.030000000002
975,8797.574350000006,9775.13,10378.86
976,8568.421125,9770.479999999996,10359.949999999999
977,8053.828900000001,9678.19,10343.289999999999
978,7833.147675000004,9700.43,10345.330000000004
979,7550.269624999999,9675.359999999999,10274.55
980,8150.389549999998,9664.039999999997,10311.919999999998
981,7596.506125000001,9752.089999999995,10350.889999999998
982,7839.3885,9672.96,10384.419999999998
983,7485.448500000002,9724.690000000002,10392.35
984,7712.337675000005,9689.059999999996,10346.99
985,7663.444000000002,9693.87,10349.350000000002
986,8371.248875000003,9747.03,10340.539999999997
987,8274.783925,9735.08,10348.010000000004
988,8470.929274999999,9698.600000000002,10358.159999999998
989,8172.187599999999,9751.339999999997,10382.31
990,8840.272549999992,9722.48,10370.749999999998
991,8841.288275000003,9740.170000000002,10397.779999999997
992,8798.263200000009,9708.24,10397.779999999997
993,8297.914899999992,9677.48,10289.019999999997
994,8322.328899999995,9727.580000000004,10284.829999999994
995,8341.721024999999,9641.850000000004,10364.81
996,8410.717975,9717.95,10392.03
997,8197.871349999998,9706.320000000002,10278.899999999998
998,8527.04925,9712.73,10358.129999999997
999,8030.629475,9738.669999999996,10364.61
